_id,N_Processo,Orgao,Situacao_Orgao,Modalidade,Objeto,Itens_Licitado,Valor_Total_Previsto,Valor_Total_Realizado,Quant_Licitada,N_Edital,Data_Publicação,Data_Abertura,CPF_CNPJ,Razao_Social
1,71/000.297/2020,SEMAGRO - Inativo - 2022,Inativo,PREGÃO ELETRÔNICO,Aquisição de material permanente,"GPS - Tipo: Ecrã Táctil, Compatível: Interface USB e NMEA 0183, Tecnologia de formação de imagem: capacidade mínima de 2000 paradas  100 rotas e registro de 5000 pontos por trajeto, Receptor: alta sensibilidade, Requisito: mapa base e possibilidade de incluir novos mapas, Acessórios: cabo USB  2 pilhas recarregáveis ou bateria  carregador  manual em português e kit veicular, Classificação: á prova",11478 6900000000000000,11478 6900000000000000,3 00000000,0005/2020,20201201,20201214,18272465000167,MB COMÉRCIO DE MAQUINAS  FERRAMENTAS E SERVIÇOS LTDA
2,71/830.008/2020,FUNTER - Inativo - 2022,Inativo,PREGÃO ELETRÔNICO,Aquisição de um trator de esteiras,"Trator - Tipo: de esteira, Potência mínima: 118 HP, Número de cilindros: 6, Combustivel: diesel, Largura mínima da lâmina: 2.990 mm, Altura mínima da lâmina: 980 mm, Elevação mínima da lâmina: 965 mm, Angulação mínima da lâmina: 25 0 °, Ajuste mínimo de inclinação: 400 mm, Cabine: com ar condicionado  buzina e sinalizador de marcha a ré, Faróis: dianteiros e traseiros, Fabricação da máquina e do m",830000 0000000000000000,815000 0000000000000000,1 00000000,0005/2020,20201201,20201214,55334098000296,RICCI MÁQUINAS LTDA
3,71/830.008/2020,FUNTER - Inativo - 2022,Inativo,PREGÃO ELETRÔNICO,Aquisição de um trator de esteiras,"Trator - Tipo: de esteira, Potência mínima: 118 HP, Número de cilindros: 6, Combustivel: diesel, Largura mínima da lâmina: 2.990 mm, Altura mínima da lâmina: 980 mm, Elevação mínima da lâmina: 965 mm, Angulação mínima da lâmina: 25 0 °, Ajuste mínimo de inclinação: 400 mm, Cabine: com ar condicionado  buzina e sinalizador de marcha a ré, Faróis: dianteiros e traseiros, Fabricação da máquina e do m",830000 0000000000000000,815000 0000000000000000,1 00000000,0005/2020,20201201,20201214,55334098000296,RICCI MÁQUINAS LTDA
4,71/000.297/2020,SEMAGRO - Inativo - 2022,Inativo,PREGÃO ELETRÔNICO,Aquisição de material permanente,"GPS - Tipo: Ecrã Táctil, Compatível: Interface USB e NMEA 0183, Tecnologia de formação de imagem: capacidade mínima de 2000 paradas  100 rotas e registro de 5000 pontos por trajeto, Receptor: alta sensibilidade, Requisito: mapa base e possibilidade de incluir novos mapas, Acessórios: cabo USB  2 pilhas recarregáveis ou bateria  carregador  manual em português e kit veicular, Classificação: á prova",11478 6900000000000000,11478 6900000000000000,3 00000000,0005/2020,20201201,20201214,18272465000167,MB COMÉRCIO DE MAQUINAS  FERRAMENTAS E SERVIÇOS LTDA
5,27/001.673/2020,FESA,Ativo,PREGÃO ELETRÔNICO,Aquisição de equipamentos e materiais permanentes hospitalares  através de recursos da emenda parlamentar  transferidos fundo a fundo  habilitada na portaria nº 2.038  de 09 de dezembro de 2015  constante da proposta nº 03517.102000/1150-06.,"Bomba de infusão - Uso: sistema de infusão parenteral programável para equipos dedicados, Modos de operação: KVO  bolus  programação por tempo  volume ou taxa, Faixa de controle: vazão: de 0 1 a 999 ml/h  tempo: de 01 minuto à 99 horas e volume: 0 1 até 9999 ml, Sistemas e dispositivos de alarme: oclusão  fim de infusão  ar na linha de infusão  porta aberta e bateria fraca, Bateria: recarregável i",31031 4000000000000000,31031 4000000000000000,6 00000000,0022/2020,20201202,20210730,20371330000109,MUNDI EQUIPAMENTOS MEDICOS ODONTOLOGICOS E VETERINARIOS EIRELLI
6,27/001.673/2020,FESA,Ativo,PREGÃO ELETRÔNICO,Aquisição de equipamentos e materiais permanentes hospitalares  através de recursos da emenda parlamentar  transferidos fundo a fundo  habilitada na portaria nº 2.038  de 09 de dezembro de 2015  constante da proposta nº 03517.102000/1150-06.,"Bomba de infusão - Uso: sistema de infusão parenteral programável para equipos dedicados, Modos de operação: KVO  bolus  programação por tempo  volume ou taxa, Faixa de controle: vazão: de 0 1 a 999 ml/h  tempo: de 01 minuto à 99 horas e volume: 0 1 até 9999 ml, Sistemas e dispositivos de alarme: oclusão  fim de infusão  ar na linha de infusão  porta aberta e bateria fraca, Bateria: recarregável i",31031 4000000000000000,31031 4000000000000000,6 00000000,0022/2020,20201202,20210730,20371330000109,MUNDI EQUIPAMENTOS MEDICOS ODONTOLOGICOS E VETERINARIOS EIRELLI
7,27/001.673/2020,FESA,Ativo,PREGÃO ELETRÔNICO,Aquisição de equipamentos e materiais permanentes hospitalares  através de recursos da emenda parlamentar  transferidos fundo a fundo  habilitada na portaria nº 2.038  de 09 de dezembro de 2015  constante da proposta nº 03517.102000/1150-06.,"Bomba de infusão - Uso: sistema de infusão parenteral programável para equipos dedicados, Modos de operação: KVO  bolus  programação por tempo  volume ou taxa, Faixa de controle: vazão: de 0 1 a 999 ml/h  tempo: de 01 minuto à 99 horas e volume: 0 1 até 9999 ml, Sistemas e dispositivos de alarme: oclusão  fim de infusão  ar na linha de infusão  porta aberta e bateria fraca, Bateria: recarregável i",27454 5600000000000000,31031 4000000000000000,6 00000000,0022/2020,20201202,20210730,20371330000109,MUNDI EQUIPAMENTOS MEDICOS ODONTOLOGICOS E VETERINARIOS EIRELLI
8,27/001.673/2020,FESA,Ativo,PREGÃO ELETRÔNICO,Aquisição de equipamentos e materiais permanentes hospitalares  através de recursos da emenda parlamentar  transferidos fundo a fundo  habilitada na portaria nº 2.038  de 09 de dezembro de 2015  constante da proposta nº 03517.102000/1150-06.,"Oxímetro - Tipo: palm , Funções disponíveis: medida de pulso e medida de SpO2, Funções do alarme: bateria fraca, Bateria: interna  recarregável  autonomia mínima de 2h, Visor: LCD, Faixa de medição: mínimo de 40% a 100% para SpO2  mínimo de 40bpm a 240bpm, Acompanha: 03 unidades de sensor reutilizável de oximetria adulto.",5885 0800000000000000,3418 7800000000000000,2 00000000,0022/2020,20201202,20210730,20371330000109,MUNDI EQUIPAMENTOS MEDICOS ODONTOLOGICOS E VETERINARIOS EIRELLI
9,27/001.673/2020,FESA,Ativo,PREGÃO ELETRÔNICO,Aquisição de equipamentos e materiais permanentes hospitalares  através de recursos da emenda parlamentar  transferidos fundo a fundo  habilitada na portaria nº 2.038  de 09 de dezembro de 2015  constante da proposta nº 03517.102000/1150-06.,"Oxímetro - Tipo: palm , Funções disponíveis: medida de pulso e medida de SpO2, Funções do alarme: bateria fraca, Bateria: interna  recarregável  autonomia mínima de 2h, Visor: LCD, Faixa de medição: mínimo de 40% a 100% para SpO2  mínimo de 40bpm a 240bpm, Acompanha: 03 unidades de sensor reutilizável de oximetria adulto.",2801 4000000000000000,3418 7800000000000000,2 00000000,0022/2020,20201202,20210730,20371330000109,MUNDI EQUIPAMENTOS MEDICOS ODONTOLOGICOS E VETERINARIOS EIRELLI
10,27/001.673/2020,FESA,Ativo,PREGÃO ELETRÔNICO,Aquisição de equipamentos e materiais permanentes hospitalares  através de recursos da emenda parlamentar  transferidos fundo a fundo  habilitada na portaria nº 2.038  de 09 de dezembro de 2015  constante da proposta nº 03517.102000/1150-06.,"Oxímetro - Tipo: palm , Funções disponíveis: medida de pulso e medida de SpO2, Funções do alarme: bateria fraca, Bateria: interna  recarregável  autonomia mínima de 2h, Visor: LCD, Faixa de medição: mínimo de 40% a 100% para SpO2  mínimo de 40bpm a 240bpm, Acompanha: 03 unidades de sensor reutilizável de oximetria adulto.",2801 4000000000000000,3418 7800000000000000,2 00000000,0022/2020,20201202,20210730,20371330000109,MUNDI EQUIPAMENTOS MEDICOS ODONTOLOGICOS E VETERINARIOS EIRELLI
11,57/500.251/2019,AGEHAB,Ativo,TOMADA DE PREÇOS,"Execução das obras de construção de bases para unidades habitacionais  com área unitária de 42 56 m²  nos seguintes loteamentos: Vila Cachoeirinha (10 unidades), Parque das Araras (02 unidades) e Jardim Panorama A (30 unidades)  no município de Jardim/MS.",Serviço de obras do Estado/Municípios não Imobilizáveis,662927 5400000000000000,542937 6500000000000000,1 00000000,0006/2020,20201202,20201218,36779403000128,GBA Serviços e Construções Ltda-ME
12,27/001.673/2020,FESA,Ativo,PREGÃO ELETRÔNICO,Aquisição de equipamentos e materiais permanentes hospitalares  através de recursos da emenda parlamentar  transferidos fundo a fundo  habilitada na portaria nº 2.038  de 09 de dezembro de 2015  constante da proposta nº 03517.102000/1150-06.,"Equipamento hospitalar / laboratorial - Tipo: aparelho de anestesia com monitor multiparâmetros, Alimentação elétrica: bivolt automático e bateria interna com autonomia de pelo menos 30 minutos, Estrutura: em material não oxidante, com prateleira para suporte de monitores, gavetas e mesa de trabalho, com rodízios giratórios  sendo no mínimo 02 com travas, Utilização: equipamento microprocessado pa",243150 0000000000000000,230130 0000000000000000,2 00000000,0022/2020,20201202,20210730,2535707000128,DRAGER INDÚSTRIA E COMÉRCIO LTDA.
13,27/001.673/2020,FESA,Ativo,PREGÃO ELETRÔNICO,Aquisição de equipamentos e materiais permanentes hospitalares  através de recursos da emenda parlamentar  transferidos fundo a fundo  habilitada na portaria nº 2.038  de 09 de dezembro de 2015  constante da proposta nº 03517.102000/1150-06.,"Equipamento hospitalar / laboratorial - Tipo: aparelho de anestesia com monitor multiparâmetros, Alimentação elétrica: bivolt automático e bateria interna com autonomia de pelo menos 30 minutos, Estrutura: em material não oxidante, com prateleira para suporte de monitores, gavetas e mesa de trabalho, com rodízios giratórios  sendo no mínimo 02 com travas, Utilização: equipamento microprocessado pa",243150 0000000000000000,230130 0000000000000000,2 00000000,0022/2020,20201202,20210730,2535707000128,DRAGER INDÚSTRIA E COMÉRCIO LTDA.
14,27/001.673/2020,FESA,Ativo,PREGÃO ELETRÔNICO,Aquisição de equipamentos e materiais permanentes hospitalares  através de recursos da emenda parlamentar  transferidos fundo a fundo  habilitada na portaria nº 2.038  de 09 de dezembro de 2015  constante da proposta nº 03517.102000/1150-06.,"Bomba de infusão - Uso: sistema de infusão parenteral programável para equipos dedicados, Modos de operação: KVO  bolus  programação por tempo  volume ou taxa, Faixa de controle: vazão: de 0 1 a 999 ml/h  tempo: de 01 minuto à 99 horas e volume: 0 1 até 9999 ml, Sistemas e dispositivos de alarme: oclusão  fim de infusão  ar na linha de infusão  porta aberta e bateria fraca, Bateria: recarregável i",27454 5600000000000000,31031 4000000000000000,6 00000000,0022/2020,20201202,20210730,20371330000109,MUNDI EQUIPAMENTOS MEDICOS ODONTOLOGICOS E VETERINARIOS EIRELLI
15,27/001.673/2020,FESA,Ativo,PREGÃO ELETRÔNICO,Aquisição de equipamentos e materiais permanentes hospitalares  através de recursos da emenda parlamentar  transferidos fundo a fundo  habilitada na portaria nº 2.038  de 09 de dezembro de 2015  constante da proposta nº 03517.102000/1150-06.,"Oxímetro - Tipo: palm , Funções disponíveis: medida de pulso e medida de SpO2, Funções do alarme: bateria fraca, Bateria: interna  recarregável  autonomia mínima de 2h, Visor: LCD, Faixa de medição: mínimo de 40% a 100% para SpO2  mínimo de 40bpm a 240bpm, Acompanha: 03 unidades de sensor reutilizável de oximetria adulto.",5885 0800000000000000,3418 7800000000000000,2 00000000,0022/2020,20201202,20210730,20371330000109,MUNDI EQUIPAMENTOS MEDICOS ODONTOLOGICOS E VETERINARIOS EIRELLI
16,57/500.251/2019,AGEHAB,Ativo,TOMADA DE PREÇOS,"Execução das obras de construção de bases para unidades habitacionais  com área unitária de 42 56 m²  nos seguintes loteamentos: Vila Cachoeirinha (10 unidades), Parque das Araras (02 unidades) e Jardim Panorama A (30 unidades)  no município de Jardim/MS.",Serviço de obras do Estado/Municípios não Imobilizáveis,662927 5400000000000000,542937 6500000000000000,1 00000000,0006/2020,20201202,20201218,36779403000128,GBA Serviços e Construções Ltda-ME
17,71/401.113/2020,IMASUL - Inativo - 2022,Inativo,PREGÃO ELETRÔNICO,CONTRATAÇÃO DE SERVIÇO DE LOCAÇÃO DE AERONAVE POR HORA-VOO(Incluindo o fornecimento de todos os equipamentos e pessoal para execução do serviço),Locação de aeronave  com capacidade mínima de 1.890 litros d'água.,3900000 0000000000000000,2950000 0000000000000000,500 00000000,0003/2020,20201203,20201216,2640577000193,SERRANA AVIAÇÃO AGRÍCOLA LTDA EPP
18,27/101.215/2020,FESA,Ativo,PREGÃO ELETRÔNICO,Aquisição de equipamento de ressonância nuclear magnética  através de recursos da emenda parlamentar  transferidos fundo a fundo  habilitada na portaria nº 3.243  de 9 de dezembro de 2019  constante da proposta nº 03517.102000/1190-08,"Equipamento hospitalar / laboratorial - Tipo: ressonância nuclear magnética 1 5 t, Requisito: magneto supercondutivo de 1 5 t, Sistema: deve permitir a conexão simultânea de no mínimo 2 (duas) ou mais bobinas, Software: para redução de ruído  para técnicas de aquisição paralela e para correção de artefatos metálicos, Mesa de exames: com capacidade de carga de no mínimo 150 Kg, Espessura de corte:",4238333 3300000000000000,3785000 0000000000000000,1 00000000,0026/2020,20201203,20210608,29372000221,GE HEALTHCARE DO BRASIL COMERCIO E SERVICOS PARA EQUIPAMENTOS MEDICO-HOSPITALARES LTDA.
19,71/401.113/2020,IMASUL - Inativo - 2022,Inativo,PREGÃO ELETRÔNICO,CONTRATAÇÃO DE SERVIÇO DE LOCAÇÃO DE AERONAVE POR HORA-VOO(Incluindo o fornecimento de todos os equipamentos e pessoal para execução do serviço),Locação de aeronave  com capacidade mínima de 1.890 litros d'água.,3900000 0000000000000000,2950000 0000000000000000,500 00000000,0003/2020,20201203,20201216,2640577000193,SERRANA AVIAÇÃO AGRÍCOLA LTDA EPP
20,27/101.215/2020,FESA,Ativo,PREGÃO ELETRÔNICO,Aquisição de equipamento de ressonância nuclear magnética  através de recursos da emenda parlamentar  transferidos fundo a fundo  habilitada na portaria nº 3.243  de 9 de dezembro de 2019  constante da proposta nº 03517.102000/1190-08,"Equipamento hospitalar / laboratorial - Tipo: ressonância nuclear magnética 1 5 t, Requisito: magneto supercondutivo de 1 5 t, Sistema: deve permitir a conexão simultânea de no mínimo 2 (duas) ou mais bobinas, Software: para redução de ruído  para técnicas de aquisição paralela e para correção de artefatos metálicos, Mesa de exames: com capacidade de carga de no mínimo 150 Kg, Espessura de corte:",4238333 3300000000000000,3785000 0000000000000000,1 00000000,0026/2020,20201203,20210608,29372000221,GE HEALTHCARE DO BRASIL COMERCIO E SERVICOS PARA EQUIPAMENTOS MEDICO-HOSPITALARES LTDA.
21,71/830.001/2020,FUNTER - Inativo - 2022,Inativo,PREGÃO ELETRÔNICO,AQUISIÇÃO DE GPS,"GPS - Tipo: portátil, Tipo da Tela: mínimo de 2 6 polegadas  colorida  legível a luz solar , Tecnologia: equipado com bússola  altímetro  inclinação  compensação de 3 eixos, Compatível: Interface USB  NMEA e Glonass, Tecnologia de formação de imagem: capacidade mínima de 5000 paradas  minimo 200 rotas e registro do mínimo 10.000 pontos por trajeto  mínimo de 200 trajetos salvos, Memória: mínimo de",42919 9000000000000000,37900 0000000000000000,10 00000000,0003/2020,20201207,20201218,20220317000140,HD- MIYAHARA COMERCIO E SERVICOS LTDA.
22,71/830.004/2020,FUNTER - Inativo - 2022,Inativo,PREGÃO ELETRÔNICO,Aquisição de tratores agrícolas  terraceadores e  tratores tipo pá carregadeira (FUNTER),"Terraceador - Modelo: de arrasto com controle remoto  com 20 discos de dimensões de 26'' x 6 00 mm, Espaçamento entre discos: de 400 mm, Características adicionais: dimensão do terraço 1 20 m x 7 0 m.",697200 0000000000000000,531630 0000000000000000,11 00000000,0004/2020,20201207,20201218,91003814000135,DELMAR KISSMANN
23,71/830.004/2020,FUNTER - Inativo - 2022,Inativo,PREGÃO ELETRÔNICO,Aquisição de tratores agrícolas  terraceadores e  tratores tipo pá carregadeira (FUNTER),"Trator - Tipo: agrícola, Quilometragem: zero, Tração: 4x4, Motor: diesel turbo, Potência mínima: 145 cv, Transmissão: mínimo de 12 marchas a frente e 4 a ré, Direção: hidrostática, Tomada de potência (TDP): mínimo 540 rpm, Capacidade de levante: mínimo de 5300 kgf, Sistema hidráulico: de 3 pontos e controle remoto com 2 válvulas de dupla ação, Requisito: faróis auxiliares dianteiros e traseiros  c",4914000 0000000000000000,3817000 0000000000000000,11 00000000,0004/2020,20201207,20201218,31444600000172,ALF EQUIPAMENTOS AGRICOLAS - EIRELI
24,71/830.004/2020,FUNTER - Inativo - 2022,Inativo,PREGÃO ELETRÔNICO,Aquisição de tratores agrícolas  terraceadores e  tratores tipo pá carregadeira (FUNTER),"Trator - Tipo: pá carregadeira, Potência mínima: 126 cv ou hp e Potência máxima: 160 cv ou hp, Requisito: alerta de ré e buzina, Cabine: fechada com ar condicionado, Capacidade mínima da caçamba: 1 6 m³ e Capacidade máxima: 2 0 m³, Ângulo mínimo de articulação: 35° e Ângulo máximo: 40°, Faróis: dianteiros, Força de desagregação: miníma: 80 KN ou 8.000 Kg e máxima: 100 KN ou 10.000 Kg.",935866 6600000000000000,840000 0000000000000000,2 00000000,0004/2020,20201207,20201218,3795465000174,TECNOESTE MÁQUINAS E EQUIPAMENTOS LTDA
25,31/000.699/2020,SEJUSP,Ativo,PREGÃO ELETRÔNICO,AQUISIÇÃO DE VIATURA BASE COMUNITÁRIA,"Adaptação - Uso: veículo, Requisito: conforme especificações no anexo.",165000 0000000000000000,165000 0000000000000000,2 00000000,0008/2020,20201207,20201218,9137236000149,ENZO CAMINHÕES LTDA
26,31/000.699/2020,SEJUSP,Ativo,PREGÃO ELETRÔNICO,AQUISIÇÃO DE VIATURA BASE COMUNITÁRIA,"Veículo - Modelo: utilitário, Tipo: van / furgão, Cabine: simples, Teto: alto, Quilometragem: zero, Ano / Modelo: do ano corrente ou superior, Tração: 4 x 2, Motor: diesel, Potência mínima: 127 cv, Transmissão: manual de no mínimo 5 marchas a frente e 1 a ré, Direção: hidráulica ou elétrica, Quantidade de Porta: 4 (2 dianteiras  1 lateral deslizante  1 traseira c/ abertura em 2 folhas), Distância",335360 0000000000000000,335360 0000000000000000,2 00000000,0008/2020,20201207,20201218,9137236000149,ENZO CAMINHÕES LTDA
27,31/002.114/2019,SEJUSP,Ativo,PREGÃO ELETRÔNICO,AQUISIÇÃO DE CAMINHÃO GUINCHO  ATRAVÉS DO CONVÊNIO Nº 881831/2018- FUNDO NACIONAL ANTIDROGAS.,Veículo - Tipo: caminhão equipado com guincho  zero km  ano/modelo: do ano corrente ou superior  fabricação Nacional/Mercosul (conforme termo de referência).,641497 7200000000000000,630000 0000000000000000,2 00000000,0010/2020,20201207,20201218,8440584000128,KCINCO CAMINHÕES E ÔNIBUS LTDA.
28,71/000.131/2020,SEMAGRO - Inativo - 2022,Inativo,PREGÃO ELETRÔNICO,AQUISIÇÃO DE MATERIAL PERMANENTE PARA ATENDER O CONVÊNIO FINEP/MCT/BIOECONOMIA Nº 01.08.0565-00  SUBPROJETO BIOTA,"Capela - Tipo: exaustão de gases, Estrutura: fibra de vidro, Janela: acrílico transparente  forma de guilhotina  parando em qualquer altura, Tipo de exaustor: centrífugo, Lâmpada: incandescente ou fluorescente, Informações adicionais: dutos para exaustão em pvc rígido   ventoinha em polipropileno (pp), Dados complementares: fornecido com motor com interruptor independente, Tensão: 110/220 V ou biv",4923 3200000000000000,3675 0000000000000000,2 00000000,0002/2020,20201207,20201218,20220317000140,HD- MIYAHARA COMERCIO E SERVICOS LTDA.
29,71/830.004/2020,FUNTER - Inativo - 2022,Inativo,PREGÃO ELETRÔNICO,Aquisição de tratores agrícolas  terraceadores e  tratores tipo pá carregadeira (FUNTER),"Trator - Tipo: pá carregadeira, Potência mínima: 126 cv ou hp e Potência máxima: 160 cv ou hp, Requisito: alerta de ré e buzina, Cabine: fechada com ar condicionado, Capacidade mínima da caçamba: 1 6 m³ e Capacidade máxima: 2 0 m³, Ângulo mínimo de articulação: 35° e Ângulo máximo: 40°, Faróis: dianteiros, Força de desagregação: miníma: 80 KN ou 8.000 Kg e máxima: 100 KN ou 10.000 Kg.",935866 6600000000000000,840000 0000000000000000,2 00000000,0004/2020,20201207,20201218,3795465000174,TECNOESTE MÁQUINAS E EQUIPAMENTOS LTDA
30,71/830.004/2020,FUNTER - Inativo - 2022,Inativo,PREGÃO ELETRÔNICO,Aquisição de tratores agrícolas  terraceadores e  tratores tipo pá carregadeira (FUNTER),"Trator - Tipo: agrícola, Quilometragem: zero, Tração: 4x4, Motor: diesel turbo, Potência mínima: 145 cv, Transmissão: mínimo de 12 marchas a frente e 4 a ré, Direção: hidrostática, Tomada de potência (TDP): mínimo 540 rpm, Capacidade de levante: mínimo de 5300 kgf, Sistema hidráulico: de 3 pontos e controle remoto com 2 válvulas de dupla ação, Requisito: faróis auxiliares dianteiros e traseiros  c",3861000 0000000000000000,3817000 0000000000000000,11 00000000,0004/2020,20201207,20201218,31444600000172,ALF EQUIPAMENTOS AGRICOLAS - EIRELI
31,71/830.004/2020,FUNTER - Inativo - 2022,Inativo,PREGÃO ELETRÔNICO,Aquisição de tratores agrícolas  terraceadores e  tratores tipo pá carregadeira (FUNTER),"Trator - Tipo: agrícola, Quilometragem: zero, Tração: 4x4, Motor: diesel turbo, Potência mínima: 145 cv, Transmissão: mínimo de 12 marchas a frente e 4 a ré, Direção: hidrostática, Tomada de potência (TDP): mínimo 540 rpm, Capacidade de levante: mínimo de 5300 kgf, Sistema hidráulico: de 3 pontos e controle remoto com 2 válvulas de dupla ação, Requisito: faróis auxiliares dianteiros e traseiros  c",1053000 0000000000000000,1041000 0000000000000000,3 00000000,0004/2020,20201207,20201218,31444600000172,ALF EQUIPAMENTOS AGRICOLAS - EIRELI
32,71/830.004/2020,FUNTER - Inativo - 2022,Inativo,PREGÃO ELETRÔNICO,Aquisição de tratores agrícolas  terraceadores e  tratores tipo pá carregadeira (FUNTER),"Terraceador - Modelo: de arrasto com controle remoto  com 20 discos de dimensões de 26'' x 6 00 mm, Espaçamento entre discos: de 400 mm, Características adicionais: dimensão do terraço 1 20 m x 7 0 m.",547800 0000000000000000,531630 0000000000000000,11 00000000,0004/2020,20201207,20201218,91003814000135,DELMAR KISSMANN
33,71/830.004/2020,FUNTER - Inativo - 2022,Inativo,PREGÃO ELETRÔNICO,Aquisição de tratores agrícolas  terraceadores e  tratores tipo pá carregadeira (FUNTER),"Terraceador - Modelo: de arrasto com controle remoto  com 20 discos de dimensões de 26'' x 6 00 mm, Espaçamento entre discos: de 400 mm, Características adicionais: dimensão do terraço 1 20 m x 7 0 m.",149400 0000000000000000,144990 0000000000000000,3 00000000,0004/2020,20201207,20201218,91003814000135,DELMAR KISSMANN
34,71/830.001/2020,FUNTER - Inativo - 2022,Inativo,PREGÃO ELETRÔNICO,AQUISIÇÃO DE GPS,"GPS - Tipo: portátil, Tipo da Tela: mínimo de 2 6 polegadas  colorida  legível a luz solar , Tecnologia: equipado com bússola  altímetro  inclinação  compensação de 3 eixos, Compatível: Interface USB  NMEA e Glonass, Tecnologia de formação de imagem: capacidade mínima de 5000 paradas  minimo 200 rotas e registro do mínimo 10.000 pontos por trajeto  mínimo de 200 trajetos salvos, Memória: mínimo de",42919 9000000000000000,37900 0000000000000000,10 00000000,0003/2020,20201207,20201218,20220317000140,HD- MIYAHARA COMERCIO E SERVICOS LTDA.
35,31/000.699/2020,SEJUSP,Ativo,PREGÃO ELETRÔNICO,AQUISIÇÃO DE VIATURA BASE COMUNITÁRIA,"Adaptação - Uso: veículo, Requisito: conforme especificações no anexo.",165000 0000000000000000,165000 0000000000000000,2 00000000,0008/2020,20201207,20201218,9137236000149,ENZO CAMINHÕES LTDA
36,71/000.131/2020,SEMAGRO - Inativo - 2022,Inativo,PREGÃO ELETRÔNICO,AQUISIÇÃO DE MATERIAL PERMANENTE PARA ATENDER O CONVÊNIO FINEP/MCT/BIOECONOMIA Nº 01.08.0565-00  SUBPROJETO BIOTA,"Capela - Tipo: exaustão de gases, Estrutura: fibra de vidro, Janela: acrílico transparente  forma de guilhotina  parando em qualquer altura, Tipo de exaustor: centrífugo, Lâmpada: incandescente ou fluorescente, Informações adicionais: dutos para exaustão em pvc rígido   ventoinha em polipropileno (pp), Dados complementares: fornecido com motor com interruptor independente, Tensão: 110/220 V ou biv",4923 3200000000000000,3675 0000000000000000,2 00000000,0002/2020,20201207,20201218,20220317000140,HD- MIYAHARA COMERCIO E SERVICOS LTDA.
37,31/000.699/2020,SEJUSP,Ativo,PREGÃO ELETRÔNICO,AQUISIÇÃO DE VIATURA BASE COMUNITÁRIA,"Veículo - Modelo: utilitário, Tipo: van / furgão, Cabine: simples, Teto: alto, Quilometragem: zero, Ano / Modelo: do ano corrente ou superior, Tração: 4 x 2, Motor: diesel, Potência mínima: 127 cv, Transmissão: manual de no mínimo 5 marchas a frente e 1 a ré, Direção: hidráulica ou elétrica, Quantidade de Porta: 4 (2 dianteiras  1 lateral deslizante  1 traseira c/ abertura em 2 folhas), Distância",335360 0000000000000000,335360 0000000000000000,2 00000000,0008/2020,20201207,20201218,9137236000149,ENZO CAMINHÕES LTDA
38,31/002.114/2019,SEJUSP,Ativo,PREGÃO ELETRÔNICO,AQUISIÇÃO DE CAMINHÃO GUINCHO  ATRAVÉS DO CONVÊNIO Nº 881831/2018- FUNDO NACIONAL ANTIDROGAS.,Veículo - Tipo: caminhão equipado com guincho  zero km  ano/modelo: do ano corrente ou superior  fabricação Nacional/Mercosul (conforme termo de referência).,641497 7200000000000000,630000 0000000000000000,2 00000000,0010/2020,20201207,20201218,8440584000128,KCINCO CAMINHÕES E ÔNIBUS LTDA.
39,27/101.494/2020,FESA,Ativo,PREGÃO ELETRÔNICO,AQUISIÇÃO DE EQUIPAMENTOS  ATRAVÉS DE RECURSOS DA EMENDA PARLAMENTAR  TRANSFERIDOS FUNDO A FUNDO  HABILITADA NA PORTARIA Nº 3.243  DE 9 DE DEZEMBRO DE 2019  CONSTANTE DA PROPOSTA Nº 03517102000/1190-08,"Equipamento hospitalar / laboratorial - Tipo: foco refletor ambulatorial, Iluminação: Led, Estrutura: haste flexível.",3104 2000000000000000,3104 2000000000000000,5 00000000,0035/2020,20201210,20211015,24259043000154,MAIORCA SOLUCOES EM SAUDE  SEGURANCA E PADRONIZACAO LTDA.
40,27/101.494/2020,FESA,Ativo,PREGÃO ELETRÔNICO,AQUISIÇÃO DE EQUIPAMENTOS  ATRAVÉS DE RECURSOS DA EMENDA PARLAMENTAR  TRANSFERIDOS FUNDO A FUNDO  HABILITADA NA PORTARIA Nº 3.243  DE 9 DE DEZEMBRO DE 2019  CONSTANTE DA PROPOSTA Nº 03517102000/1190-08,"Balança - Tipo: antropométrica para obesos, Capacidade: obeso (até 300 kg), Modo de operação: digital, Régua antropométrica: até 2 metros.",1404 5400000000000000,1404 0000000000000000,1 00000000,0035/2020,20201210,20211015,31499939000176,M.K.R. COMERCIO DE EQUIPAMENTOS EIRELI
41,27/101.494/2020,FESA,Ativo,PREGÃO ELETRÔNICO,AQUISIÇÃO DE EQUIPAMENTOS  ATRAVÉS DE RECURSOS DA EMENDA PARLAMENTAR  TRANSFERIDOS FUNDO A FUNDO  HABILITADA NA PORTARIA Nº 3.243  DE 9 DE DEZEMBRO DE 2019  CONSTANTE DA PROPOSTA Nº 03517102000/1190-08,"Balança - Tipo: antropométrica adulto, Capacidade: até 200 kg, Modo de operação: digital, Régua antropométrica: até 2 metros.",2282 6200000000000000,2282 0000000000000000,2 00000000,0035/2020,20201210,20211015,31499939000176,M.K.R. COMERCIO DE EQUIPAMENTOS EIRELI
42,27/101.494/2020,FESA,Ativo,PREGÃO ELETRÔNICO,AQUISIÇÃO DE EQUIPAMENTOS  ATRAVÉS DE RECURSOS DA EMENDA PARLAMENTAR  TRANSFERIDOS FUNDO A FUNDO  HABILITADA NA PORTARIA Nº 3.243  DE 9 DE DEZEMBRO DE 2019  CONSTANTE DA PROPOSTA Nº 03517102000/1190-08,"Balança - Tipo: antropométrica adulto, Capacidade: até 200 kg, Modo de operação: digital, Régua antropométrica: até 2 metros.",2282 6200000000000000,2282 0000000000000000,2 00000000,0035/2020,20201210,20211015,31499939000176,M.K.R. COMERCIO DE EQUIPAMENTOS EIRELI
43,27/101.494/2020,FESA,Ativo,PREGÃO ELETRÔNICO,AQUISIÇÃO DE EQUIPAMENTOS  ATRAVÉS DE RECURSOS DA EMENDA PARLAMENTAR  TRANSFERIDOS FUNDO A FUNDO  HABILITADA NA PORTARIA Nº 3.243  DE 9 DE DEZEMBRO DE 2019  CONSTANTE DA PROPOSTA Nº 03517102000/1190-08,"Balança - Tipo: antropométrica para obesos, Capacidade: obeso (até 300 kg), Modo de operação: digital, Régua antropométrica: até 2 metros.",1404 5400000000000000,1404 0000000000000000,1 00000000,0035/2020,20201210,20211015,31499939000176,M.K.R. COMERCIO DE EQUIPAMENTOS EIRELI
44,27/101.494/2020,FESA,Ativo,PREGÃO ELETRÔNICO,AQUISIÇÃO DE EQUIPAMENTOS  ATRAVÉS DE RECURSOS DA EMENDA PARLAMENTAR  TRANSFERIDOS FUNDO A FUNDO  HABILITADA NA PORTARIA Nº 3.243  DE 9 DE DEZEMBRO DE 2019  CONSTANTE DA PROPOSTA Nº 03517102000/1190-08,"Estetoscópio - Tipo: adulto duplo, Auscultador: aço inoxidável.",14428 0000000000000000,8200 0000000000000000,20 00000000,0035/2020,20201210,20211015,15714275000164,C.O.M. COMÉRCIO E ASSISTÊNCIA TÉCNICA HOSPITALAR LTDA-EPP
45,27/101.494/2020,FESA,Ativo,PREGÃO ELETRÔNICO,AQUISIÇÃO DE EQUIPAMENTOS  ATRAVÉS DE RECURSOS DA EMENDA PARLAMENTAR  TRANSFERIDOS FUNDO A FUNDO  HABILITADA NA PORTARIA Nº 3.243  DE 9 DE DEZEMBRO DE 2019  CONSTANTE DA PROPOSTA Nº 03517102000/1190-08,"Estetoscópio - Tipo: duplo, Uso: infantil, Auscultador: aço inoxidável.",22363 4000000000000000,9920 0000000000000000,31 00000000,0035/2020,20201210,20211015,15714275000164,C.O.M. COMÉRCIO E ASSISTÊNCIA TÉCNICA HOSPITALAR LTDA-EPP
46,27/101.494/2020,FESA,Ativo,PREGÃO ELETRÔNICO,AQUISIÇÃO DE EQUIPAMENTOS  ATRAVÉS DE RECURSOS DA EMENDA PARLAMENTAR  TRANSFERIDOS FUNDO A FUNDO  HABILITADA NA PORTARIA Nº 3.243  DE 9 DE DEZEMBRO DE 2019  CONSTANTE DA PROPOSTA Nº 03517102000/1190-08,"Esfigmomanômetro - Tipo: analógico, Uso: obeso, Material de confecção da braçadeira: tecido em algodão.",1938 0000000000000000,570 0000000000000000,3 00000000,0035/2020,20201210,20211015,15714275000164,C.O.M. COMÉRCIO E ASSISTÊNCIA TÉCNICA HOSPITALAR LTDA-EPP
47,27/101.494/2020,FESA,Ativo,PREGÃO ELETRÔNICO,AQUISIÇÃO DE EQUIPAMENTOS  ATRAVÉS DE RECURSOS DA EMENDA PARLAMENTAR  TRANSFERIDOS FUNDO A FUNDO  HABILITADA NA PORTARIA Nº 3.243  DE 9 DE DEZEMBRO DE 2019  CONSTANTE DA PROPOSTA Nº 03517102000/1190-08,"Esfigmomanômetro - Tipo: analógico, Uso: adulto, Material de confecção da braçadeira: nylon.",980 2500000000000000,2700 0000000000000000,15 00000000,0035/2020,20201210,20211015,15714275000164,C.O.M. COMÉRCIO E ASSISTÊNCIA TÉCNICA HOSPITALAR LTDA-EPP
48,27/101.494/2020,FESA,Ativo,PREGÃO ELETRÔNICO,AQUISIÇÃO DE EQUIPAMENTOS  ATRAVÉS DE RECURSOS DA EMENDA PARLAMENTAR  TRANSFERIDOS FUNDO A FUNDO  HABILITADA NA PORTARIA Nº 3.243  DE 9 DE DEZEMBRO DE 2019  CONSTANTE DA PROPOSTA Nº 03517102000/1190-08,"Equipamento hospitalar / laboratorial - Tipo: foco refletor ambulatorial, Iluminação: Led, Estrutura: haste flexível.",3104 2000000000000000,3104 2000000000000000,5 00000000,0035/2020,20201210,20211015,24259043000154,MAIORCA SOLUCOES EM SAUDE  SEGURANCA E PADRONIZACAO LTDA.
49,27/101.494/2020,FESA,Ativo,PREGÃO ELETRÔNICO,AQUISIÇÃO DE EQUIPAMENTOS  ATRAVÉS DE RECURSOS DA EMENDA PARLAMENTAR  TRANSFERIDOS FUNDO A FUNDO  HABILITADA NA PORTARIA Nº 3.243  DE 9 DE DEZEMBRO DE 2019  CONSTANTE DA PROPOSTA Nº 03517102000/1190-08,"Esfigmomanômetro - Tipo: analógico, Uso: adulto, Material de confecção da braçadeira: nylon.",980 2500000000000000,2700 0000000000000000,15 00000000,0035/2020,20201210,20211015,15714275000164,C.O.M. COMÉRCIO E ASSISTÊNCIA TÉCNICA HOSPITALAR LTDA-EPP
50,27/101.494/2020,FESA,Ativo,PREGÃO ELETRÔNICO,AQUISIÇÃO DE EQUIPAMENTOS  ATRAVÉS DE RECURSOS DA EMENDA PARLAMENTAR  TRANSFERIDOS FUNDO A FUNDO  HABILITADA NA PORTARIA Nº 3.243  DE 9 DE DEZEMBRO DE 2019  CONSTANTE DA PROPOSTA Nº 03517102000/1190-08,"Esfigmomanômetro - Tipo: analógico, Uso: adulto, Material de confecção da braçadeira: nylon.",10104 9000000000000000,2700 0000000000000000,15 00000000,0035/2020,20201210,20211015,15714275000164,C.O.M. COMÉRCIO E ASSISTÊNCIA TÉCNICA HOSPITALAR LTDA-EPP
51,27/101.494/2020,FESA,Ativo,PREGÃO ELETRÔNICO,AQUISIÇÃO DE EQUIPAMENTOS  ATRAVÉS DE RECURSOS DA EMENDA PARLAMENTAR  TRANSFERIDOS FUNDO A FUNDO  HABILITADA NA PORTARIA Nº 3.243  DE 9 DE DEZEMBRO DE 2019  CONSTANTE DA PROPOSTA Nº 03517102000/1190-08,"Esfigmomanômetro - Tipo: analógico, Uso: adulto, Material de confecção da braçadeira: nylon.",10104 9000000000000000,2700 0000000000000000,15 00000000,0035/2020,20201210,20211015,15714275000164,C.O.M. COMÉRCIO E ASSISTÊNCIA TÉCNICA HOSPITALAR LTDA-EPP
52,27/101.494/2020,FESA,Ativo,PREGÃO ELETRÔNICO,AQUISIÇÃO DE EQUIPAMENTOS  ATRAVÉS DE RECURSOS DA EMENDA PARLAMENTAR  TRANSFERIDOS FUNDO A FUNDO  HABILITADA NA PORTARIA Nº 3.243  DE 9 DE DEZEMBRO DE 2019  CONSTANTE DA PROPOSTA Nº 03517102000/1190-08,"Esfigmomanômetro - Tipo: analógico, Uso: obeso, Material de confecção da braçadeira: tecido em algodão.",260 5200000000000000,570 0000000000000000,3 00000000,0035/2020,20201210,20211015,15714275000164,C.O.M. COMÉRCIO E ASSISTÊNCIA TÉCNICA HOSPITALAR LTDA-EPP
53,27/101.494/2020,FESA,Ativo,PREGÃO ELETRÔNICO,AQUISIÇÃO DE EQUIPAMENTOS  ATRAVÉS DE RECURSOS DA EMENDA PARLAMENTAR  TRANSFERIDOS FUNDO A FUNDO  HABILITADA NA PORTARIA Nº 3.243  DE 9 DE DEZEMBRO DE 2019  CONSTANTE DA PROPOSTA Nº 03517102000/1190-08,"Esfigmomanômetro - Tipo: analógico, Uso: obeso, Material de confecção da braçadeira: tecido em algodão.",260 5200000000000000,570 0000000000000000,3 00000000,0035/2020,20201210,20211015,15714275000164,C.O.M. COMÉRCIO E ASSISTÊNCIA TÉCNICA HOSPITALAR LTDA-EPP
54,27/101.494/2020,FESA,Ativo,PREGÃO ELETRÔNICO,AQUISIÇÃO DE EQUIPAMENTOS  ATRAVÉS DE RECURSOS DA EMENDA PARLAMENTAR  TRANSFERIDOS FUNDO A FUNDO  HABILITADA NA PORTARIA Nº 3.243  DE 9 DE DEZEMBRO DE 2019  CONSTANTE DA PROPOSTA Nº 03517102000/1190-08,"Esfigmomanômetro - Tipo: analógico, Uso: obeso, Material de confecção da braçadeira: tecido em algodão.",1938 0000000000000000,570 0000000000000000,3 00000000,0035/2020,20201210,20211015,15714275000164,C.O.M. COMÉRCIO E ASSISTÊNCIA TÉCNICA HOSPITALAR LTDA-EPP
55,27/101.494/2020,FESA,Ativo,PREGÃO ELETRÔNICO,AQUISIÇÃO DE EQUIPAMENTOS  ATRAVÉS DE RECURSOS DA EMENDA PARLAMENTAR  TRANSFERIDOS FUNDO A FUNDO  HABILITADA NA PORTARIA Nº 3.243  DE 9 DE DEZEMBRO DE 2019  CONSTANTE DA PROPOSTA Nº 03517102000/1190-08,"Estetoscópio - Tipo: duplo, Uso: infantil, Auscultador: aço inoxidável.",22363 4000000000000000,9920 0000000000000000,31 00000000,0035/2020,20201210,20211015,15714275000164,C.O.M. COMÉRCIO E ASSISTÊNCIA TÉCNICA HOSPITALAR LTDA-EPP
56,27/101.494/2020,FESA,Ativo,PREGÃO ELETRÔNICO,AQUISIÇÃO DE EQUIPAMENTOS  ATRAVÉS DE RECURSOS DA EMENDA PARLAMENTAR  TRANSFERIDOS FUNDO A FUNDO  HABILITADA NA PORTARIA Nº 3.243  DE 9 DE DEZEMBRO DE 2019  CONSTANTE DA PROPOSTA Nº 03517102000/1190-08,"Estetoscópio - Tipo: duplo, Uso: infantil, Auscultador: aço inoxidável.",1839 5400000000000000,9920 0000000000000000,31 00000000,0035/2020,20201210,20211015,15714275000164,C.O.M. COMÉRCIO E ASSISTÊNCIA TÉCNICA HOSPITALAR LTDA-EPP
57,27/101.494/2020,FESA,Ativo,PREGÃO ELETRÔNICO,AQUISIÇÃO DE EQUIPAMENTOS  ATRAVÉS DE RECURSOS DA EMENDA PARLAMENTAR  TRANSFERIDOS FUNDO A FUNDO  HABILITADA NA PORTARIA Nº 3.243  DE 9 DE DEZEMBRO DE 2019  CONSTANTE DA PROPOSTA Nº 03517102000/1190-08,"Estetoscópio - Tipo: duplo, Uso: infantil, Auscultador: aço inoxidável.",1839 5400000000000000,9920 0000000000000000,31 00000000,0035/2020,20201210,20211015,15714275000164,C.O.M. COMÉRCIO E ASSISTÊNCIA TÉCNICA HOSPITALAR LTDA-EPP
58,27/101.494/2020,FESA,Ativo,PREGÃO ELETRÔNICO,AQUISIÇÃO DE EQUIPAMENTOS  ATRAVÉS DE RECURSOS DA EMENDA PARLAMENTAR  TRANSFERIDOS FUNDO A FUNDO  HABILITADA NA PORTARIA Nº 3.243  DE 9 DE DEZEMBRO DE 2019  CONSTANTE DA PROPOSTA Nº 03517102000/1190-08,"Estetoscópio - Tipo: adulto duplo, Auscultador: aço inoxidável.",426 6000000000000000,8200 0000000000000000,20 00000000,0035/2020,20201210,20211015,15714275000164,C.O.M. COMÉRCIO E ASSISTÊNCIA TÉCNICA HOSPITALAR LTDA-EPP
59,27/101.494/2020,FESA,Ativo,PREGÃO ELETRÔNICO,AQUISIÇÃO DE EQUIPAMENTOS  ATRAVÉS DE RECURSOS DA EMENDA PARLAMENTAR  TRANSFERIDOS FUNDO A FUNDO  HABILITADA NA PORTARIA Nº 3.243  DE 9 DE DEZEMBRO DE 2019  CONSTANTE DA PROPOSTA Nº 03517102000/1190-08,"Estetoscópio - Tipo: adulto duplo, Auscultador: aço inoxidável.",426 6000000000000000,8200 0000000000000000,20 00000000,0035/2020,20201210,20211015,15714275000164,C.O.M. COMÉRCIO E ASSISTÊNCIA TÉCNICA HOSPITALAR LTDA-EPP
60,27/101.494/2020,FESA,Ativo,PREGÃO ELETRÔNICO,AQUISIÇÃO DE EQUIPAMENTOS  ATRAVÉS DE RECURSOS DA EMENDA PARLAMENTAR  TRANSFERIDOS FUNDO A FUNDO  HABILITADA NA PORTARIA Nº 3.243  DE 9 DE DEZEMBRO DE 2019  CONSTANTE DA PROPOSTA Nº 03517102000/1190-08,"Estetoscópio - Tipo: adulto duplo, Auscultador: aço inoxidável.",14428 0000000000000000,8200 0000000000000000,20 00000000,0035/2020,20201210,20211015,15714275000164,C.O.M. COMÉRCIO E ASSISTÊNCIA TÉCNICA HOSPITALAR LTDA-EPP
61,71/403.917/2019,IMASUL - Inativo - 2022,Inativo,PREGÃO ELETRÔNICO,CONTRATAÇÃO DE EMPRESA ESPECIALIZADA EM FORNECIMENTO E PLANTIO DE GRAMA,Manutenção   conservação e/ou reparo de bem imóvel,152040 0000000000000000,145000 0000000000000000,1 00000000,0005/2020,20201214,20201229,26396674000140,FORTALEZA MUDAS E PAISAGISMO LTDA ME
62,71/601.456/2020,AGRAER - Inativo - 2022,Inativo,PREGÃO ELETRÔNICO,Aquisição de Estufas  Agrícolas e Viveiro de Mudas  com recursos oriundos do CONVÊNIO N. 884.275/2019/MAPA/AGRAER  FONTE 0281020016  firmado entre União Federal (MAPA) e a AGRAER,"Estufa - Tipo: agrícola, Requisito: com arcos oblongos de aço galvanizado  travamento entre ascos  mão francesa nos frontais  suporte para fixar arcos nos pilares  postes frontais e laterais em aço galvanizado  travessas frontais em perfis  tirantes externos e entre postes, Cobertura: em plástico aditivado 150 micras  difusor de luz com acabamento nos arcos frontais  fechamento frontais e laterais",702198 6000000000000000,701913 9400000000000000,43 00000000,0005/2020,20201214,20201229,11162527000139,CASA DA SEMENTE COMÉRCIO E SERVIÇOS LTDA EPP
63,71/601.456/2020,AGRAER - Inativo - 2022,Inativo,PREGÃO ELETRÔNICO,Aquisição de Estufas  Agrícolas e Viveiro de Mudas  com recursos oriundos do CONVÊNIO N. 884.275/2019/MAPA/AGRAER  FONTE 0281020016  firmado entre União Federal (MAPA) e a AGRAER,"Viveiro de Mudas - com arcos oblongos de aço galvanizado: travamento entre arcos  mão francesa nos frontais  suporte para fixar arcos nos pilares  postes frontais e laterais em aço galvanizado, Travessas frontais: em perfis  tirantes externos e entre postes  cobertura e fechamento frontais e laterais com tela sombreamento fechando toda a estrutura com tratamento contra raios ultravioleta, Modelo:",121885 2500000000000000,121835 8800000000000000,1 00000000,0005/2020,20201214,20201229,11162527000139,CASA DA SEMENTE COMÉRCIO E SERVIÇOS LTDA EPP
64,31/700.695/2020,DETRAN,Ativo,PREGÃO ELETRÔNICO,AQUISIÇÃO DE UNIFORMES,"Uniforme - Tipo: jaleco, Dados Complementares: personalizado.",73143 0000000000000000,51093 0000000000000000,1260 00000000,0007/2020,20201214,20201230,2626169000187,EVENTEC SERVIÇOS E COMÉRCIO DE PRODUTOS LTDA.
65,31/700.695/2020,DETRAN,Ativo,PREGÃO ELETRÔNICO,AQUISIÇÃO DE UNIFORMES,"Calçado - Modelo: botina, Cor: preta, Material: vaqueta nobuck, Biqueira: plástica.",22652 0000000000000000,22575 0000000000000000,350 00000000,0007/2020,20201214,20201230,22259031000102,PROBRASIL INDUSTRIA E COMERCIO EIRELI - EPP
66,31/700.695/2020,DETRAN,Ativo,PREGÃO ELETRÔNICO,AQUISIÇÃO DE UNIFORMES,"Boné  chapéu  gorro e afins. - Tipo: chapéu, Dados Complementares: personalizado.",3262 0000000000000000,3260 0000000000000000,100 00000000,0007/2020,20201214,20201230,12669940000157,FLAVIO HENRIQUE SEVERO LTDA
67,31/700.695/2020,DETRAN,Ativo,PREGÃO ELETRÔNICO,AQUISIÇÃO DE UNIFORMES,"Uniforme - Tecido: rip stop  70 % poliéster e 30% algodão, Dados Complementares: personalizado, Tipo: calça.",114483 6000000000000000,69930 0000000000000000,945 00000000,0007/2020,20201214,20201230,24658825000166,MANDALA CONFECCOES LTDA
68,31/700.695/2020,DETRAN,Ativo,PREGÃO ELETRÔNICO,AQUISIÇÃO DE UNIFORMES,"Uniforme - Tipo: camisa polo, Tecido: Malha Piquet, Manga: curta, Gênero: feminino, Personalizado: Logomarca.",93274 5000000000000000,49500 0000000000000000,1650 00000000,0007/2020,20201214,20201230,1236234000103,G & L INDUSTRIA E COMERCIO LTDA
69,31/700.695/2020,DETRAN,Ativo,PREGÃO ELETRÔNICO,AQUISIÇÃO DE UNIFORMES,"Uniforme - Tipo: camisa polo, Tecido: Malha Piquet, Gênero: masculino, Bolso: lado esquerdo altura do peito, Personalizado: Logomarca.",79680 0000000000000000,67920 0000000000000000,2400 00000000,0007/2020,20201214,20201230,1236234000103,G & L INDUSTRIA E COMERCIO LTDA
70,57/100.840/2020,AGESUL - Inativa - 2022,Inativo,PREGÃO ELETRÔNICO,Aquisição de Maquinários,"Trator - Tipo: mini retroescavadeira, Requisito: equipada com motor diesel  transmissão hidrostática  acionamento através de alavanca única tipo Joy-Stick, com sistema de deslocamento lateral e estabilizadores verticais, com caçamba multifuncional tipo 6x1  cabine fechada com ar condicionado, Ano / Modelo: 2020 ou superior, Motor de no mínimo: 45hp, Peso operacional minimo: 2.900 kg, Profundidade",313450 0000000000000000,313000 0000000000000000,1 00000000,0003/2020,20201214,20201230,5114082000119,DIMAQ CAMPOTRAT MAQUINAS E EQUIPAMENTOS EIRELI
71,57/100.840/2020,AGESUL - Inativa - 2022,Inativo,PREGÃO ELETRÔNICO,Aquisição de Maquinários,"Retroescavadeira - Ano / Modelo: 2020 ou superior, Motor de no mínimo: 4 cilindros, Turbo alimentado com no minimo: 85 hp, Transmissão: power shuttle, Tração: 4x4, Capacidade mínima da caçamba: 0 95m  padrão com dentes, Peso operacional minimo: 6.500kg, Capacidade minima da caçamba Retro: 700mm  padrão, Requisito: fabricação nacional motor diesel cabine fechada com ar condicionado banco do operado",272700 0000000000000000,272200 0000000000000000,1 00000000,0003/2020,20201214,20201230,5114082000119,DIMAQ CAMPOTRAT MAQUINAS E EQUIPAMENTOS EIRELI
72,57/100.840/2020,AGESUL - Inativa - 2022,Inativo,PREGÃO ELETRÔNICO,Aquisição de Maquinários,"Pá - Tipo: mini carregadeira, Requisito: compacta sobre pneus  equipada com caçamba  motor diesel  baixa emissão de poluentes  sistema hidráulico  bomba principal dedicada p/ carregamento e operação de acessórios operacionais, Ano / Modelo: 2020 ou superior, Capacidade mínima da caçamba: 0 40m³, Motor de no mínimo: 4 cilindro, Potência mínima: 70hp.",696476 5000000000000000,490000 0000000000000000,2 00000000,0003/2020,20201214,20201230,55334098000296,RICCI MÁQUINAS LTDA
73,71/601.456/2020,AGRAER - Inativo - 2022,Inativo,PREGÃO ELETRÔNICO,Aquisição de Estufas  Agrícolas e Viveiro de Mudas  com recursos oriundos do CONVÊNIO N. 884.275/2019/MAPA/AGRAER  FONTE 0281020016  firmado entre União Federal (MAPA) e a AGRAER,"Viveiro de Mudas - com arcos oblongos de aço galvanizado: travamento entre arcos  mão francesa nos frontais  suporte para fixar arcos nos pilares  postes frontais e laterais em aço galvanizado, Travessas frontais: em perfis  tirantes externos e entre postes  cobertura e fechamento frontais e laterais com tela sombreamento fechando toda a estrutura com tratamento contra raios ultravioleta, Modelo:",121885 2500000000000000,121835 8800000000000000,1 00000000,0005/2020,20201214,20201229,11162527000139,CASA DA SEMENTE COMÉRCIO E SERVIÇOS LTDA EPP
74,71/601.456/2020,AGRAER - Inativo - 2022,Inativo,PREGÃO ELETRÔNICO,Aquisição de Estufas  Agrícolas e Viveiro de Mudas  com recursos oriundos do CONVÊNIO N. 884.275/2019/MAPA/AGRAER  FONTE 0281020016  firmado entre União Federal (MAPA) e a AGRAER,"Estufa - Tipo: agrícola, Requisito: com arcos oblongos de aço galvanizado  travamento entre ascos  mão francesa nos frontais  suporte para fixar arcos nos pilares  postes frontais e laterais em aço galvanizado  travessas frontais em perfis  tirantes externos e entre postes, Cobertura: em plástico aditivado 150 micras  difusor de luz com acabamento nos arcos frontais  fechamento frontais e laterais",702198 6000000000000000,701913 9400000000000000,43 00000000,0005/2020,20201214,20201229,11162527000139,CASA DA SEMENTE COMÉRCIO E SERVIÇOS LTDA EPP
75,71/403.917/2019,IMASUL - Inativo - 2022,Inativo,PREGÃO ELETRÔNICO,CONTRATAÇÃO DE EMPRESA ESPECIALIZADA EM FORNECIMENTO E PLANTIO DE GRAMA,Manutenção   conservação e/ou reparo de bem imóvel,152040 0000000000000000,145000 0000000000000000,1 00000000,0005/2020,20201214,20201229,26396674000140,FORTALEZA MUDAS E PAISAGISMO LTDA ME
76,57/100.840/2020,AGESUL - Inativa - 2022,Inativo,PREGÃO ELETRÔNICO,Aquisição de Maquinários,"Pá - Tipo: mini carregadeira, Requisito: compacta sobre pneus  equipada com caçamba  motor diesel  baixa emissão de poluentes  sistema hidráulico  bomba principal dedicada p/ carregamento e operação de acessórios operacionais, Ano / Modelo: 2020 ou superior, Capacidade mínima da caçamba: 0 40m³, Motor de no mínimo: 4 cilindro, Potência mínima: 70hp.",696476 5000000000000000,490000 0000000000000000,2 00000000,0003/2020,20201214,20201230,55334098000296,RICCI MÁQUINAS LTDA
77,57/100.840/2020,AGESUL - Inativa - 2022,Inativo,PREGÃO ELETRÔNICO,Aquisição de Maquinários,"Retroescavadeira - Ano / Modelo: 2020 ou superior, Motor de no mínimo: 4 cilindros, Turbo alimentado com no minimo: 85 hp, Transmissão: power shuttle, Tração: 4x4, Capacidade mínima da caçamba: 0 95m  padrão com dentes, Peso operacional minimo: 6.500kg, Capacidade minima da caçamba Retro: 700mm  padrão, Requisito: fabricação nacional motor diesel cabine fechada com ar condicionado banco do operado",272700 0000000000000000,272200 0000000000000000,1 00000000,0003/2020,20201214,20201230,5114082000119,DIMAQ CAMPOTRAT MAQUINAS E EQUIPAMENTOS EIRELI
78,57/100.840/2020,AGESUL - Inativa - 2022,Inativo,PREGÃO ELETRÔNICO,Aquisição de Maquinários,"Trator - Tipo: mini retroescavadeira, Requisito: equipada com motor diesel  transmissão hidrostática  acionamento através de alavanca única tipo Joy-Stick, com sistema de deslocamento lateral e estabilizadores verticais, com caçamba multifuncional tipo 6x1  cabine fechada com ar condicionado, Ano / Modelo: 2020 ou superior, Motor de no mínimo: 45hp, Peso operacional minimo: 2.900 kg, Profundidade",313450 0000000000000000,313000 0000000000000000,1 00000000,0003/2020,20201214,20201230,5114082000119,DIMAQ CAMPOTRAT MAQUINAS E EQUIPAMENTOS EIRELI
79,31/700.695/2020,DETRAN,Ativo,PREGÃO ELETRÔNICO,AQUISIÇÃO DE UNIFORMES,"Uniforme - Tipo: jaleco, Dados Complementares: personalizado.",73143 0000000000000000,51093 0000000000000000,1260 00000000,0007/2020,20201214,20201230,2626169000187,EVENTEC SERVIÇOS E COMÉRCIO DE PRODUTOS LTDA.
80,31/700.695/2020,DETRAN,Ativo,PREGÃO ELETRÔNICO,AQUISIÇÃO DE UNIFORMES,"Calçado - Modelo: botina, Cor: preta, Material: vaqueta nobuck, Biqueira: plástica.",22652 0000000000000000,22575 0000000000000000,350 00000000,0007/2020,20201214,20201230,22259031000102,PROBRASIL INDUSTRIA E COMERCIO EIRELI - EPP
81,31/700.695/2020,DETRAN,Ativo,PREGÃO ELETRÔNICO,AQUISIÇÃO DE UNIFORMES,"Boné  chapéu  gorro e afins. - Tipo: chapéu, Dados Complementares: personalizado.",3262 0000000000000000,3260 0000000000000000,100 00000000,0007/2020,20201214,20201230,12669940000157,FLAVIO HENRIQUE SEVERO LTDA
82,31/700.695/2020,DETRAN,Ativo,PREGÃO ELETRÔNICO,AQUISIÇÃO DE UNIFORMES,"Uniforme - Tipo: camisa polo, Tecido: Malha Piquet, Manga: curta, Gênero: feminino, Personalizado: Logomarca.",31091 5000000000000000,16659 5000000000000000,550 00000000,0007/2020,20201214,20201230,12669940000157,FLAVIO HENRIQUE SEVERO LTDA
83,31/700.695/2020,DETRAN,Ativo,PREGÃO ELETRÔNICO,AQUISIÇÃO DE UNIFORMES,"Uniforme - Tecido: rip stop  70 % poliéster e 30% algodão, Dados Complementares: personalizado, Tipo: calça.",28620 9000000000000000,23310 0000000000000000,315 00000000,0007/2020,20201214,20201230,24658825000166,MANDALA CONFECCOES LTDA
84,31/700.695/2020,DETRAN,Ativo,PREGÃO ELETRÔNICO,AQUISIÇÃO DE UNIFORMES,"Uniforme - Tecido: rip stop  70 % poliéster e 30% algodão, Dados Complementares: personalizado, Tipo: calça.",85862 7000000000000000,69930 0000000000000000,945 00000000,0007/2020,20201214,20201230,24658825000166,MANDALA CONFECCOES LTDA
85,31/700.695/2020,DETRAN,Ativo,PREGÃO ELETRÔNICO,AQUISIÇÃO DE UNIFORMES,"Uniforme - Tipo: camisa polo, Tecido: Malha Piquet, Manga: curta, Gênero: feminino, Personalizado: Logomarca.",124366 0000000000000000,49500 0000000000000000,1650 00000000,0007/2020,20201214,20201230,1236234000103,G & L INDUSTRIA E COMERCIO LTDA
86,31/700.695/2020,DETRAN,Ativo,PREGÃO ELETRÔNICO,AQUISIÇÃO DE UNIFORMES,"Uniforme - Tipo: camisa polo, Tecido: Malha Piquet, Gênero: masculino, Bolso: lado esquerdo altura do peito, Personalizado: Logomarca.",79680 0000000000000000,67920 0000000000000000,2400 00000000,0007/2020,20201214,20201230,1236234000103,G & L INDUSTRIA E COMERCIO LTDA
87,27/001.140/2020,FESA,Ativo,PREGÃO ELETRÔNICO,Aquisição de equipamentos para atender a demanda da rede Hemosul  através de recursos da emenda parlamentar  transferidos fundo a fundo  habilitada pela portaria nº 3.101 de 16 de dezembro de 2013  proposta 03517.102000/1130-02 e portaria nº 68 de 14 de janeiro de 2016  proposta 03517102000/1150-01.,"Cadeira - Tipo: mocho, Assento: estofado, Material: aço inoxidável.",1931 5500000000000000,1931 5500000000000000,3 00000000,0028/2020,20201216,20210201,24595488000105,MS SAUDE DISTRIBUIDORA DE MATERIAL HOSPITALAR LTDA.
88,27/001.140/2020,FESA,Ativo,PREGÃO ELETRÔNICO,Aquisição de equipamentos para atender a demanda da rede Hemosul  através de recursos da emenda parlamentar  transferidos fundo a fundo  habilitada pela portaria nº 3.101 de 16 de dezembro de 2013  proposta 03517.102000/1130-02 e portaria nº 68 de 14 de janeiro de 2016  proposta 03517102000/1150-01.,"Refrigerador - Tipo: câmara para conservação de hemoderivados/imuno/termolábeis, Capacidade  mínima: 390 litros e  no mínimo  190 bolsas de sangue de 450 ml cada, Iluminação interna: com lâmpada tipo led para fácil visualização, Temperatura: pré-ajustada em 4 ºc  com faixa de temperatura de + 1 °c a + 8 °c, Registro: na anvisa, Condições de fornecimento: com registrador gráfico e contato para alar",61500 0000000000000000,60500 0000000000000000,5 00000000,0028/2020,20201216,20210201,37000324000130,LICITA RIO COMERCIO DE MAQUINAS E EQUIPAMENTOS LTDA
89,27/001.140/2020,FESA,Ativo,PREGÃO ELETRÔNICO,Aquisição de equipamentos para atender a demanda da rede Hemosul  através de recursos da emenda parlamentar  transferidos fundo a fundo  habilitada pela portaria nº 3.101 de 16 de dezembro de 2013  proposta 03517.102000/1130-02 e portaria nº 68 de 14 de janeiro de 2016  proposta 03517102000/1150-01.,"Freezer - Tipo: armazenamento de bolsas de plasma, Requisito: projetado de acordo com os requisitos de armazenamento e processamento de bolsas de sangue estabelecidos pela aabb (american association of blood banks)  anrc (american national red cross) e fda (us food and drug administration)  com: temperatura pré-ajustada em -30 ºc  com controle microprocessado, Capacidade mínima: 326 litros, Inform",61198 5000000000000000,60000 0000000000000000,3 00000000,0028/2020,20201216,20210201,31748956000108,LINCK & LAGEMANN CONSULTORIA E GESTÃO EMPRESARIAL LTDA - ME
90,27/001.140/2020,FESA,Ativo,PREGÃO ELETRÔNICO,Aquisição de equipamentos para atender a demanda da rede Hemosul  através de recursos da emenda parlamentar  transferidos fundo a fundo  habilitada pela portaria nº 3.101 de 16 de dezembro de 2013  proposta 03517.102000/1130-02 e portaria nº 68 de 14 de janeiro de 2016  proposta 03517102000/1150-01.,"Incubadora - Tipo: ambientadora de plaquetas, Dimensões Internas: 57cm (frente) x 41cm (altura) x 46cm (profundidade), Capacidade: agitadores de plaquetas para 48 unidades de plaquetas, Voltagem: opção 115 vac / 9 0a ou 230 vac / 4 5a, Dimensões  externas: 66cm (frente) x 77cm (altura) x 71cm (profundidade), Monitor: que gerencia as diversas funções do sistema com capacidade para 01 agitador linea",637493 5800000000000000,630000 0000000000000000,9 00000000,0028/2020,20201216,20210201,5075964000112,CINCO CONFIANÇA INDÚSTRIA E COMÉRCIO LTDA
91,27/001.140/2020,FESA,Ativo,PREGÃO ELETRÔNICO,Aquisição de equipamentos para atender a demanda da rede Hemosul  através de recursos da emenda parlamentar  transferidos fundo a fundo  habilitada pela portaria nº 3.101 de 16 de dezembro de 2013  proposta 03517.102000/1130-02 e portaria nº 68 de 14 de janeiro de 2016  proposta 03517102000/1150-01.,"Agitador - Tipo: plaquetas Linear, Capacidade: com capacidade para 48 unidades de plaquetas com alarme para falta de agitação. capacidade de armazenamento de 48 unidades de plaquetas randômicas ou 16 unidades de plaquetas por aférese  distribuídas em 7 gavetas móveis e uma estacionaria, Material: construído em aço com tratamento anti-oxidação e pintura eletrostática anti-bactericida, Voltagem: opç",223931 7900000000000000,216000 0000000000000000,9 00000000,0028/2020,20201216,20210201,5075964000112,CINCO CONFIANÇA INDÚSTRIA E COMÉRCIO LTDA
92,27/001.140/2020,FESA,Ativo,PREGÃO ELETRÔNICO,Aquisição de equipamentos para atender a demanda da rede Hemosul  através de recursos da emenda parlamentar  transferidos fundo a fundo  habilitada pela portaria nº 3.101 de 16 de dezembro de 2013  proposta 03517.102000/1130-02 e portaria nº 68 de 14 de janeiro de 2016  proposta 03517102000/1150-01.,"Freezer - Tipo: armazenamento de bolsas de plasma, Requisito: projetado de acordo com os requisitos de armazenamento e processamento de bolsas de sangue estabelecidos pela aabb (american association of blood banks)  anrc (american national red cross) e fda (us food and drug administration)  com: temperatura pré-ajustada em -30 ºc  com controle microprocessado, Capacidade mínima: 326 litros, Inform",61198 5000000000000000,60000 0000000000000000,3 00000000,0028/2020,20201216,20210201,31748956000108,LINCK & LAGEMANN CONSULTORIA E GESTÃO EMPRESARIAL LTDA - ME
93,27/001.140/2020,FESA,Ativo,PREGÃO ELETRÔNICO,Aquisição de equipamentos para atender a demanda da rede Hemosul  através de recursos da emenda parlamentar  transferidos fundo a fundo  habilitada pela portaria nº 3.101 de 16 de dezembro de 2013  proposta 03517.102000/1130-02 e portaria nº 68 de 14 de janeiro de 2016  proposta 03517102000/1150-01.,"Refrigerador - Tipo: câmara para conservação de hemoderivados/imuno/termolábeis, Capacidade  mínima: 390 litros e  no mínimo  190 bolsas de sangue de 450 ml cada, Iluminação interna: com lâmpada tipo led para fácil visualização, Temperatura: pré-ajustada em 4 ºc  com faixa de temperatura de + 1 °c a + 8 °c, Registro: na anvisa, Condições de fornecimento: com registrador gráfico e contato para alar",61500 0000000000000000,60500 0000000000000000,5 00000000,0028/2020,20201216,20210201,37000324000130,LICITA RIO COMERCIO DE MAQUINAS E EQUIPAMENTOS LTDA
94,27/001.140/2020,FESA,Ativo,PREGÃO ELETRÔNICO,Aquisição de equipamentos para atender a demanda da rede Hemosul  através de recursos da emenda parlamentar  transferidos fundo a fundo  habilitada pela portaria nº 3.101 de 16 de dezembro de 2013  proposta 03517.102000/1130-02 e portaria nº 68 de 14 de janeiro de 2016  proposta 03517102000/1150-01.,"Cadeira - Tipo: mocho, Assento: estofado, Material: aço inoxidável.",1931 5500000000000000,1931 5500000000000000,3 00000000,0028/2020,20201216,20210201,24595488000105,MS SAUDE DISTRIBUIDORA DE MATERIAL HOSPITALAR LTDA.
95,27/001.140/2020,FESA,Ativo,PREGÃO ELETRÔNICO,Aquisição de equipamentos para atender a demanda da rede Hemosul  através de recursos da emenda parlamentar  transferidos fundo a fundo  habilitada pela portaria nº 3.101 de 16 de dezembro de 2013  proposta 03517.102000/1130-02 e portaria nº 68 de 14 de janeiro de 2016  proposta 03517102000/1150-01.,"Agitador - Tipo: plaquetas Linear, Capacidade: com capacidade para 48 unidades de plaquetas com alarme para falta de agitação. capacidade de armazenamento de 48 unidades de plaquetas randômicas ou 16 unidades de plaquetas por aférese  distribuídas em 7 gavetas móveis e uma estacionaria, Material: construído em aço com tratamento anti-oxidação e pintura eletrostática anti-bactericida, Voltagem: opç",74643 9300000000000000,72000 0000000000000000,3 00000000,0028/2020,20201216,20210201,3062090000133,MED - CARE COMERCIO DE MATERIAIS MEDICOS LTDA
96,27/001.140/2020,FESA,Ativo,PREGÃO ELETRÔNICO,Aquisição de equipamentos para atender a demanda da rede Hemosul  através de recursos da emenda parlamentar  transferidos fundo a fundo  habilitada pela portaria nº 3.101 de 16 de dezembro de 2013  proposta 03517.102000/1130-02 e portaria nº 68 de 14 de janeiro de 2016  proposta 03517102000/1150-01.,"Incubadora - Tipo: ambientadora de plaquetas, Dimensões Internas: 57cm (frente) x 41cm (altura) x 46cm (profundidade), Capacidade: agitadores de plaquetas para 48 unidades de plaquetas, Voltagem: opção 115 vac / 9 0a ou 230 vac / 4 5a, Dimensões  externas: 66cm (frente) x 77cm (altura) x 71cm (profundidade), Monitor: que gerencia as diversas funções do sistema com capacidade para 01 agitador linea",212497 8600000000000000,210000 0000000000000000,3 00000000,0028/2020,20201216,20210201,3062090000133,MED - CARE COMERCIO DE MATERIAIS MEDICOS LTDA
97,27/001.140/2020,FESA,Ativo,PREGÃO ELETRÔNICO,Aquisição de equipamentos para atender a demanda da rede Hemosul  através de recursos da emenda parlamentar  transferidos fundo a fundo  habilitada pela portaria nº 3.101 de 16 de dezembro de 2013  proposta 03517.102000/1130-02 e portaria nº 68 de 14 de janeiro de 2016  proposta 03517102000/1150-01.,"Agitador - Tipo: plaquetas Linear, Capacidade: com capacidade para 48 unidades de plaquetas com alarme para falta de agitação. capacidade de armazenamento de 48 unidades de plaquetas randômicas ou 16 unidades de plaquetas por aférese  distribuídas em 7 gavetas móveis e uma estacionaria, Material: construído em aço com tratamento anti-oxidação e pintura eletrostática anti-bactericida, Voltagem: opç",298575 7200000000000000,216000 0000000000000000,9 00000000,0028/2020,20201216,20210201,5075964000112,CINCO CONFIANÇA INDÚSTRIA E COMÉRCIO LTDA
98,27/001.140/2020,FESA,Ativo,PREGÃO ELETRÔNICO,Aquisição de equipamentos para atender a demanda da rede Hemosul  através de recursos da emenda parlamentar  transferidos fundo a fundo  habilitada pela portaria nº 3.101 de 16 de dezembro de 2013  proposta 03517.102000/1130-02 e portaria nº 68 de 14 de janeiro de 2016  proposta 03517102000/1150-01.,"Incubadora - Tipo: ambientadora de plaquetas, Dimensões Internas: 57cm (frente) x 41cm (altura) x 46cm (profundidade), Capacidade: agitadores de plaquetas para 48 unidades de plaquetas, Voltagem: opção 115 vac / 9 0a ou 230 vac / 4 5a, Dimensões  externas: 66cm (frente) x 77cm (altura) x 71cm (profundidade), Monitor: que gerencia as diversas funções do sistema com capacidade para 01 agitador linea",849991 4400000000000000,630000 0000000000000000,9 00000000,0028/2020,20201216,20210201,5075964000112,CINCO CONFIANÇA INDÚSTRIA E COMÉRCIO LTDA
99,71/000.251/2019,SEMAGRO - Inativo - 2022,Inativo,PREGÃO ELETRÔNICO,AQUISIÇÃO DE MATERIAL PERMANENTE (DRONES)  PARA ATENDER CONVÊNIO Nº 01.08.0565-00 FINEP/BIOECONOMIA - NOVO PARADIGMA DE DESENVOLVIMENTO PARA MATO GROSSO DO SUL  FONTE 0112030001,"Drone - Tipo: quadricóptero , Requisito: de pequeno porte  elétrico e movido a quatro motores sem escovas  em voo deverá resistir a ventos de entre 29-38 km/h, Velocidade: mínima de 65 km/h, Frequência:  mínima de operação de 2.4GHz, Saídas: auxiliares USB (para comunicação com Smartphone e Tablet), Gravação: vídeo em definição mínima de UHD (4K) em 30 frames por segundo e 1080p em 60 frames por s",42568 3000000000000000,36000 0000000000000000,2 00000000,0004/2020,20201221,20210107,18272465000167,MB COMÉRCIO DE MAQUINAS  FERRAMENTAS E SERVIÇOS LTDA
100,71/000.251/2019,SEMAGRO - Inativo - 2022,Inativo,PREGÃO ELETRÔNICO,AQUISIÇÃO DE MATERIAL PERMANENTE (DRONES)  PARA ATENDER CONVÊNIO Nº 01.08.0565-00 FINEP/BIOECONOMIA - NOVO PARADIGMA DE DESENVOLVIMENTO PARA MATO GROSSO DO SUL  FONTE 0112030001,"Drone - Tipo: quadricóptero , Requisito: de pequeno porte  elétrico e movido a quatro motores sem escovas  em voo deverá resistir a ventos de entre 29-38 km/h, Velocidade: mínima de 65 km/h, Frequência:  mínima de operação de 2.4GHz, Saídas: auxiliares USB (para comunicação com Smartphone e Tablet), Gravação: vídeo em definição mínima de UHD (4K) em 30 frames por segundo e 1080p em 60 frames por s",42568 3000000000000000,36000 0000000000000000,2 00000000,0004/2020,20201221,20210107,18272465000167,MB COMÉRCIO DE MAQUINAS  FERRAMENTAS E SERVIÇOS LTDA
